filename,number_of_faces,genders,
1034303003_f3eefc4619_1289_82791675@N00.jpg,4,fffm,
1055315392_69d23a751c_1047_8441726@N05.jpg,6,mffffm,
1105895385_1366d869e0_1224_11049069@N05.jpg,6,mmffmf,
1174861040_d7f3b36e2d_1293_83131204@N00.jpg,7,fffffff,
1200376418_767a453e24_1365_46042146@N00.jpg,5,mmmmf,
1207353522_b7f2f83c11_1021_67011721@N00.jpg,4,mmff,
1211916745_45c0a891e1_1027_73995592@N00.jpg,4,mmfm,
1213947813_393bf4cb5a_1163_12048986@N08.jpg,4,fmmf,
1229611814_da11458c1f_1088_74075822@N00.jpg,4,mmfm,
1255085699_01dc9b02e0_1403_39243191@N00.jpg,4,fffm,
1260649378_bd51d168f4_1354_80484199@N00.jpg,4,mfmm,
1281981197_5cd38b8750_1238_39437954@N00.jpg,4,ffmf,
1333794238_5bc0400880_1372_9657441@N04.jpg,4,mfmm,
1337900652_b35f9638f9_1030_8398557@N04.jpg,4,mmff,
1351728783_45e3cf29b0_1253_11812618@N02.jpg,4,mfmm,
1354814133_abfc67472e_1057_12596411@N00.jpg,6,ffmfmf,Gender 1?
1362936621_33349db978_1218_87984001@N00.jpg,4,mfff,
1372399808_09ff425a28_1400_29098086@N00.jpg,4,mmmf,
1382612307_b3bc9c64e7_1312_11096436@N05.jpg,4,ffmf,
1455024668_e24b1f947f_1053_32665437@N00.jpg,4,mfmf,
1525552042_ae9cfb57b5_2150_8557415@N05.jpg,4,fmmf,
1587831911_d6efcaea72_2104_64155482@N00.jpg,4,fmff,
1612096412_a0c25b0fe6_2077_98307374@N00.jpg,5,ffffm,
1619452922_b520656a84_2016_25559937@N00.jpg,4,mfmf,
1622627485_5c297b94d3_2301_51035655711@N01.jpg,4,fmmf,
1682351640_10b9209a29_2217_16104739@N00.jpg,4,mmff,
1702121515_2694c52ce0_2150_29756933@N00.jpg,4,fmff,Gender 2?
1826441917_5d2911c006_2398_10520218@N03.jpg,4,mmff,baby??
1849979090_ebb967a462_2229_10520218@N03.jpg,4,mmff,
1915513025_1784db81ea_2049_98568706@N00.jpg,4,mmff,baby not counted
2004048133_e9dfe2ac4f_2079_20193717@N00.jpg,4,mfmm,
2005105636_b5ccc6d303_2350_44811059@N00.jpg,4,mfff,
2005192310_d3b2720190_2213_20681590@N06.jpg,4,mfmf,
2008922024_48cb1401c4_2399_84022533@N00.jpg,5,mffmm,
2047949835_5577a8df95_2039_34328731@N00.jpg,5,mmfff,
2048557274_ab954f6249_2105_15137189@N07.jpg,4,fmmm,
2062555241_b14e19552f_2343_19112945@N00.jpg,4,mfmm,gender kid?
2073747986_f28b2c32a2_2238_23324812@N00.jpg,4,ffmm,
2073812999_7043fc476a_2228_23324812@N00.jpg,4,ffmm,
2077314947_99bb45c49b_2380_8081344@N03.jpg,4,ffmm,
2078103416_934e14bef2_2126_8081344@N03.jpg,4,ffmm,
2087703213_2328d890c0_2047_58158098@N00.jpg,4,mmff,
2093257904_00275c635d_2256_52481047@N00.jpg,5,mfmff,
2098345487_cf773de946_2392_99184416@N00.jpg,4,mfmf,
2105348539_8f918cbaa7_2316_43278228@N00.jpg,4,mfmf,
2108379474_8200d7f697_2070_39471939@N00.jpg,5,mmmmm,
2388066320_dd535ab0f6_2117_47329863@N00.jpg,4,ffmf,
2393993918_23f883f49c_3135_25399707@N03.jpg,4,ffmm,
2397986326_2717a9b92f_2204_18227402@N00.jpg,4,fmfm,
2400876923_a1e58629b7_2022_14146817@N04.jpg,4,fmmm,
2401568353_fde02beca8_2142_25072020@N04.jpg,4,mffm,
2409438059_41264f7625_2182_22579426@N07.jpg,4,mffm,
2420202908_ddfa4efe68_2115_15545410@N00.jpg,5,mfmff,
2429111029_7fb5c16b5d_3208_8658049@N02.jpg,7,mmmmmfm,
2437159736_11387e78e6_2098_24658964@N02.jpg,4,ffff,
2440447198_1bc0095342_2360_25351444@N05.jpg,4,mffm,
2459837024_02ebd1495a_3123_34784129@N00.jpg,4,mfmm,baby
2462474600_1e11459578_2173_20694129@N03.jpg,4,mfmm,
2462484698_8fcec92ddb_2049_20694129@N03.jpg,6,mfmffm,
2466844064_2223170312_2341_94339831@N00.jpg,5,mfmmf,
2469945219_7168581767_2294_13164403@N08.jpg,5,ffmmm,
2474819744_7336ddf173_2048_11702427@N08.jpg,4,mfff,
2484038545_0514b7de03_3051_32213359@N00.jpg,4,ffff,
2485220902_656099ef27_3184_9995018@N05.jpg,4,fmfm,
2495320976_0fb5c98083_2181_44124367235@N01.jpg,4,mfmf,
2496318226_8c4a3d0a04_3284_25187838@N04.jpg,4,mmff,
2514305549_7f523f8770_2158_9720361@N03.jpg,4,mfmf,
2519244567_bb2872da44_2414_25254823@N03.jpg,5,mmfff,
2526490285_f36bf29fff_3166_46556310@N00.jpg,4,fffm,
2542975837_545f31671f_2172_23324812@N00.jpg,4,fmfm,
2557516364_6bf8b9ea5b_3148_39003540@N00.jpg,4,fffm,
2567007582_f803c6e842_3266_50861109@N00.jpg,6,mffmfm,
2571015045_e99de2581a_3058_36453417@N00.jpg,4,ffmm,
2575066668_fdca150798_3194_20338234@N08.jpg,4,mfmf,
2576520787_533808fa06_3040_68245613@N00.jpg,4,ffmm,
2577330341_aa43608022_3106_23324812@N00.jpg,4,mffm,
2595189457_337ae2d0aa_3130_66476625@N00.jpg,4,ffmf,
2602770656_d97c0eceae_3113_10192717@N03.jpg,5,ffmfm,
2603911566_6c6b9cd327_3241_7219977@N05.jpg,4,ffmm,
2609019456_a71f54d0dd_3188_97693904@N00.jpg,5,mmfmf,
2613092083_fc20f3f48c_2117_52889139@N00.jpg,4,ffmf,
2614898688_4b9a506125_3049_7879007@N03.jpg,4,ffff,
2616003726_663b9ae52e_3208_12368952@N06.jpg,4,mfmf,
2620128187_f92a6c4568_3265_24147178@N04.jpg,4,mmfm,
2622762056_aa1ed7f12f_3026_45468385@N00.jpg,6,mffmfm,
2636853661_f751ae0bc1_3001_99171494@N00.jpg,4,fmfm,
358792099_e44f0679f5_165_37718678739@N01.jpg,4,mffm,
370494917_2993689159_140_20133427@N00.jpg,4,fmfm,
